material_id,description,category,unit_price,stock_qty,safety_stock,plant_code,created_on
MAT-0001,Advanced high-level leverage,Chemicals,3959.33,310,87,PLT-HYD,2025-11-02 18:34:18
MAT-0002,Persevering responsive hub,Raw Material,1460.29,326,67,PLT-PUN,2026-06-30 12:01:05
MAT-0003,Front-line upward-trending circuit,Finished Goods,3470.93,47,84,PLT-CHE,2026-06-06 21:53:14
MAT-0004,Extended logistical initiative,Chemicals,3115.14,285,39,PLT-COI,2025-12-17 19:28:22
MAT-0005,Exclusive system-worthy challenge,Chemicals,2102.88,473,47,PLT-COI,2026-06-12 09:52:52
MAT-0006,Customer-focused responsive website,Raw Material,1202.59,340,92,PLT-CHE,2026-04-26 21:11:33
MAT-0007,Optimized scalable pricing structure,Packaging,176.28,189,83,PLT-COI,2025-12-30 13:48:26
MAT-0008,Reduced neutral alliance,Chemicals,2864.74,499,92,PLT-PUN,2025-10-22 09:03:30
MAT-0009,Programmable regional capability,Packaging,2447.88,439,34,PLT-PUN,2026-02-20 08:01:17
MAT-0010,Automated systematic function,Packaging,3246.0,458,85,PLT-CHE,2025-11-09 09:10:24
MAT-0011,Multi-lateral leadingedge array,Packaging,3185.6,359,78,PLT-CHE,2025-12-08 02:37:17
MAT-0012,Seamless mobile emulation,Raw Material,3346.73,145,26,PLT-HYD,2025-09-30 00:58:59
MAT-0013,Cross-platform tangible throughput,Chemicals,3775.16,282,87,PLT-PUN,2026-03-18 16:29:45
MAT-0014,User-friendly even-keeled middleware,Chemicals,3489.8,252,35,PLT-PUN,2026-04-29 06:10:01
MAT-0015,Multi-layered optimal productivity,Spare Parts,702.18,440,70,PLT-HYD,2026-08-02 08:12:01
MAT-0016,Advanced empowering implementation,Packaging,830.93,469,34,PLT-PUN,2026-06-24 18:22:00
MAT-0017,Fully-configurable directional algorithm,Raw Material,1916.0,415,53,PLT-PUN,2026-06-04 10:12:20
MAT-0018,Synchronized holistic concept,Packaging,3915.58,19,39,PLT-PUN,2026-02-26 16:47:45
MAT-0019,Organic regional product,Spare Parts,3240.49,265,34,PLT-COI,2026-04-28 22:20:57
MAT-0020,Automated well-modulated open architecture,Packaging,2170.68,45,48,PLT-COI,2026-02-02 15:20:44
MAT-0021,Exclusive bottom-line hardware,Chemicals,3610.64,492,95,PLT-COI,2025-08-14 06:15:35
MAT-0022,Profound explicit Local Area Network,Spare Parts,612.05,95,78,PLT-HYD,2026-04-06 13:24:36
MAT-0023,Operative encompassing access,Packaging,1540.05,115,57,PLT-COI,2025-10-03 22:48:13
MAT-0024,Assimilated optimizing utilization,Packaging,3259.1,293,86,PLT-HYD,2026-02-05 07:44:28
MAT-0025,Organized coherent initiative,Raw Material,3642.98,89,72,PLT-COI,2026-02-19 12:14:12
MAT-0026,Fully-configurable exuding project,Spare Parts,4577.23,130,98,PLT-CHE,2026-03-24 12:09:59
MAT-0027,Universal zero-defect contingency,Raw Material,4898.3,236,39,PLT-HYD,2025-09-23 04:34:26
MAT-0028,Distributed zero-defect task-force,Raw Material,3009.63,233,62,PLT-HYD,2026-02-27 04:30:38
MAT-0029,Ameliorated client-driven contingency,Spare Parts,1156.43,447,61,PLT-PUN,2025-10-02 10:17:08
MAT-0030,Adaptive homogeneous initiative,Chemicals,1558.44,87,78,PLT-HYD,2025-12-21 00:13:17
MAT-0031,Multi-lateral static initiative,Finished Goods,1682.8,485,59,PLT-PUN,2025-10-29 14:35:23
MAT-0032,Operative mobile focus group,Raw Material,3930.33,204,100,PLT-CHE,2025-11-05 21:21:06
MAT-0033,Self-enabling multimedia benchmark,Chemicals,1980.72,289,66,PLT-HYD,2026-05-18 14:29:27
MAT-0034,Horizontal discrete benchmark,Packaging,3129.69,78,71,PLT-PUN,2026-02-03 05:05:35
MAT-0035,Face-to-face 6thgeneration complexity,Raw Material,2007.98,392,61,PLT-CHE,2025-11-24 18:43:28
MAT-0036,Total homogeneous knowledgebase,Raw Material,4660.14,482,33,PLT-HYD,2026-01-16 17:04:12
MAT-0037,Realigned neutral Graphic Interface,Packaging,271.92,120,72,PLT-COI,2025-11-16 07:34:41
MAT-0038,Distributed solution-oriented conglomeration,Packaging,1390.47,473,65,PLT-PUN,2026-04-16 22:39:49
MAT-0039,Intuitive 5thgeneration interface,Chemicals,3056.4,339,87,PLT-COI,2026-03-28 22:21:06
MAT-0040,Open-architected client-server standardization,Finished Goods,3545.52,182,60,PLT-PUN,2025-12-16 20:13:38
MAT-0041,Diverse 3rdgeneration structure,Finished Goods,4441.66,153,72,PLT-HYD,2025-10-27 20:49:50
MAT-0042,Integrated holistic standardization,Raw Material,2334.01,64,84,PLT-PUN,2026-05-03 05:40:40
MAT-0043,Reverse-engineered radical architecture,Raw Material,1419.22,179,55,PLT-COI,2025-12-04 17:08:36
MAT-0044,Focused object-oriented open system,Finished Goods,1996.02,337,47,PLT-PUN,2026-06-01 17:53:39
MAT-0045,Persistent clear-thinking database,Spare Parts,2780.23,184,34,PLT-CHE,2026-07-01 19:58:21
MAT-0046,Decentralized heuristic challenge,Chemicals,245.36,459,39,PLT-PUN,2026-05-28 14:33:06
MAT-0047,Seamless demand-driven array,Spare Parts,4653.53,328,85,PLT-COI,2026-01-07 13:41:29
MAT-0048,Cloned 6thgeneration groupware,Finished Goods,1739.83,108,41,PLT-COI,2025-10-01 19:22:34
MAT-0049,Profound empowering workforce,Finished Goods,3905.26,487,30,PLT-HYD,2026-03-02 03:36:12
MAT-0050,Optimized zero tolerance strategy,Spare Parts,1708.04,270,66,PLT-PUN,2026-07-31 03:32:40
MAT-0051,Re-engineered tangible structure,Raw Material,4908.84,437,69,PLT-PUN,2026-01-20 01:19:50
MAT-0052,Devolved national productivity,Chemicals,2635.0,361,43,PLT-HYD,2025-12-07 01:20:54
MAT-0053,Grass-roots background success,Finished Goods,3694.58,93,89,PLT-COI,2026-05-06 10:04:19
MAT-0054,Implemented human-resource forecast,Raw Material,3386.28,246,90,PLT-COI,2025-11-28 19:12:52
MAT-0055,Switchable zero-defect analyzer,Finished Goods,4835.71,438,26,PLT-HYD,2026-06-12 08:11:51
MAT-0056,Grass-roots content-based migration,Raw Material,4801.71,181,43,PLT-CHE,2026-03-20 21:32:23
MAT-0057,Networked actuating circuit,Spare Parts,1236.55,488,46,PLT-PUN,2026-07-15 19:25:35
MAT-0058,Extended encompassing contingency,Chemicals,3448.16,134,64,PLT-HYD,2025-10-18 09:50:45
MAT-0059,Business-focused systemic emulation,Raw Material,2828.49,487,32,PLT-COI,2026-04-14 16:44:16
MAT-0060,Future-proofed secondary framework,Raw Material,3912.86,266,70,PLT-CHE,2026-04-22 10:05:03
MAT-0061,User-friendly bandwidth-monitored parallelism,Raw Material,932.34,176,97,PLT-CHE,2026-02-02 04:08:33
MAT-0062,Devolved leadingedge leverage,Finished Goods,164.71,230,86,PLT-COI,2025-09-28 06:36:23
MAT-0063,Decentralized responsive data-warehouse,Finished Goods,4222.38,435,45,PLT-CHE,2026-07-10 09:01:09
MAT-0064,Synchronized 3rdgeneration implementation,Chemicals,3683.83,160,47,PLT-HYD,2026-04-03 09:24:19
MAT-0065,Streamlined systematic framework,Packaging,2601.28,341,44,PLT-COI,2025-08-30 10:40:49
MAT-0066,Virtual multi-tasking portal,Raw Material,1156.98,423,47,PLT-HYD,2026-01-10 23:39:48
MAT-0067,Streamlined even-keeled support,Packaging,4740.83,358,51,PLT-PUN,2025-10-06 22:44:59
MAT-0068,Vision-oriented bifurcated frame,Packaging,2480.66,412,34,PLT-CHE,2026-03-01 09:50:57
MAT-0069,Fully-configurable reciprocal info-mediaries,Chemicals,877.49,344,94,PLT-PUN,2026-02-26 17:33:42
MAT-0070,Horizontal 3rdgeneration intranet,Chemicals,4270.56,314,72,PLT-COI,2025-09-30 06:20:19
MAT-0071,Monitored solution-oriented open system,Spare Parts,1770.58,149,27,PLT-HYD,2025-11-03 09:02:22
MAT-0072,Versatile heuristic installation,Spare Parts,651.76,221,78,PLT-CHE,2025-11-18 17:51:11
MAT-0073,Reduced multi-tasking project,Packaging,4182.59,251,21,PLT-HYD,2025-12-09 00:05:16
MAT-0074,Focused object-oriented framework,Spare Parts,4437.63,123,41,PLT-COI,2026-06-30 19:49:07
MAT-0075,Public-key multi-state flexibility,Spare Parts,291.08,308,85,PLT-COI,2026-01-15 21:19:01
MAT-0076,Expanded neutral function,Chemicals,3521.18,261,96,PLT-PUN,2026-04-09 19:02:01
MAT-0077,Persistent solution-oriented circuit,Finished Goods,4456.04,398,70,PLT-HYD,2025-10-26 00:19:30
MAT-0078,Integrated asymmetric monitoring,Spare Parts,457.62,89,42,PLT-CHE,2025-08-19 12:27:42
MAT-0079,Distributed bi-directional support,Finished Goods,585.46,156,40,PLT-PUN,2026-03-24 22:00:28
MAT-0080,Fully-configurable tertiary contingency,Raw Material,1746.77,484,97,PLT-HYD,2026-05-31 17:15:08
MAT-0081,User-centric intermediate Internet solution,Packaging,4384.44,416,51,PLT-COI,2025-10-27 18:11:40
MAT-0082,Switchable uniform algorithm,Spare Parts,2591.69,44,40,PLT-PUN,2026-04-28 16:14:02
MAT-0083,Customizable fresh-thinking interface,Finished Goods,4165.31,269,77,PLT-HYD,2025-08-19 17:23:27
MAT-0084,Extended object-oriented knowledgebase,Finished Goods,4045.52,162,80,PLT-HYD,2025-08-29 01:55:03
MAT-0085,Optimized logistical Local Area Network,Finished Goods,3064.28,70,85,PLT-PUN,2025-12-15 13:19:17
MAT-0086,User-centric contextually-based toolset,Chemicals,2856.29,344,76,PLT-CHE,2026-05-13 05:18:59
MAT-0087,Exclusive demand-driven project,Finished Goods,1496.82,10,22,PLT-CHE,2025-11-12 19:23:36
MAT-0088,Persevering regional encoding,Finished Goods,4634.57,72,22,PLT-HYD,2025-12-14 09:00:34
MAT-0089,Assimilated responsive neural-net,Raw Material,4076.06,116,58,PLT-CHE,2026-03-23 21:49:26
MAT-0090,Total solution-oriented time-frame,Packaging,4740.1,418,36,PLT-HYD,2025-08-25 20:44:09
MAT-0091,Implemented context-sensitive infrastructure,Chemicals,1517.1,168,24,PLT-COI,2026-04-20 09:07:50
MAT-0092,Synergistic discrete strategy,Raw Material,2954.76,140,59,PLT-HYD,2025-08-31 01:06:08
MAT-0093,Automated tertiary protocol,Chemicals,2519.18,348,82,PLT-HYD,2026-06-06 08:18:43
MAT-0094,Pre-emptive global open system,Chemicals,2356.5,495,73,PLT-CHE,2026-03-01 12:23:30
MAT-0095,Grass-roots high-level support,Packaging,2293.85,131,59,PLT-CHE,2025-12-15 06:13:08
MAT-0096,Profit-focused bi-directional parallelism,Spare Parts,1180.85,483,86,PLT-PUN,2026-05-05 19:03:56
MAT-0097,Advanced asynchronous extranet,Packaging,4002.44,166,78,PLT-CHE,2026-04-05 02:18:06
MAT-0098,Profound bandwidth-monitored pricing structure,Raw Material,2079.51,458,85,PLT-HYD,2026-03-11 18:16:14
MAT-0099,Extended multi-state synergy,Raw Material,3972.61,445,66,PLT-PUN,2025-09-03 12:21:06
MAT-0100,Visionary empowering forecast,Chemicals,888.49,456,26,PLT-COI,2026-07-10 23:58:32
MAT-0101,User-centric systematic parallelism,Spare Parts,863.88,316,64,PLT-HYD,2026-01-30 05:33:36
MAT-0102,Extended multi-state focus group,Packaging,3941.43,371,25,PLT-HYD,2026-04-12 12:55:31
MAT-0103,Synergized modular project,Chemicals,3308.59,12,40,PLT-COI,2026-04-07 02:11:23
MAT-0104,Monitored reciprocal strategy,Spare Parts,4779.99,216,90,PLT-CHE,2026-03-22 06:44:30
MAT-0105,Face-to-face grid-enabled core,Chemicals,2945.64,153,44,PLT-CHE,2025-12-27 14:42:29
MAT-0106,Virtual multimedia forecast,Chemicals,3891.72,29,82,PLT-CHE,2026-06-14 14:07:55
MAT-0107,Synchronized fault-tolerant middleware,Chemicals,2975.78,302,77,PLT-CHE,2026-04-23 16:18:23
MAT-0108,Realigned zero administration protocol,Packaging,1130.17,252,76,PLT-CHE,2025-12-23 09:50:02
MAT-0109,Virtual multi-state methodology,Finished Goods,4385.86,207,86,PLT-PUN,2025-09-18 15:57:15
MAT-0110,Devolved holistic conglomeration,Finished Goods,1037.89,251,31,PLT-COI,2026-08-06 12:56:06
MAT-0111,Pre-emptive foreground benchmark,Raw Material,400.51,456,55,PLT-COI,2026-05-22 02:34:53
MAT-0112,Multi-tiered context-sensitive productivity,Packaging,4873.89,465,92,PLT-PUN,2026-01-17 21:27:35
MAT-0113,Cross-platform system-worthy firmware,Raw Material,313.57,86,58,PLT-CHE,2026-02-27 09:25:04
MAT-0114,Customer-focused zero tolerance encryption,Raw Material,4820.39,302,74,PLT-COI,2025-11-29 23:44:45
MAT-0115,Digitized fault-tolerant utilization,Packaging,3040.09,306,88,PLT-HYD,2026-07-16 02:19:49
MAT-0116,Fundamental tertiary open architecture,Raw Material,922.87,249,28,PLT-HYD,2026-05-23 11:43:01
MAT-0117,Secured needs-based interface,Spare Parts,3530.46,398,20,PLT-COI,2025-11-12 10:44:57
MAT-0118,Optional exuding support,Spare Parts,3255.32,230,93,PLT-HYD,2026-04-11 21:30:26
MAT-0119,Managed reciprocal project,Raw Material,4331.36,484,88,PLT-COI,2026-05-16 03:56:47
MAT-0120,Implemented modular access,Packaging,1024.29,146,28,PLT-PUN,2026-08-07 11:22:33
MAT-0121,Innovative national matrix,Finished Goods,4461.38,397,61,PLT-PUN,2026-05-26 22:10:04
MAT-0122,Balanced eco-centric complexity,Chemicals,1849.92,268,20,PLT-PUN,2026-06-16 11:19:07
MAT-0123,Profit-focused 24/7 budgetary management,Raw Material,3830.11,300,35,PLT-PUN,2026-02-24 16:19:11
MAT-0124,Digitized reciprocal budgetary management,Chemicals,2907.53,130,65,PLT-CHE,2025-09-25 11:44:57
MAT-0125,Quality-focused upward-trending customer loyalty,Finished Goods,2761.14,48,71,PLT-COI,2026-06-02 14:09:52
MAT-0126,Proactive demand-driven emulation,Chemicals,4831.96,232,47,PLT-HYD,2026-04-11 19:26:09
MAT-0127,Universal secondary knowledgebase,Finished Goods,4868.25,471,75,PLT-PUN,2025-09-29 22:14:10
MAT-0128,Automated foreground circuit,Packaging,3191.41,450,30,PLT-PUN,2025-12-17 02:15:45
MAT-0129,Synergistic upward-trending challenge,Finished Goods,1685.41,397,22,PLT-COI,2026-07-20 00:40:45
MAT-0130,Cloned exuding knowledgebase,Packaging,684.45,484,73,PLT-PUN,2025-12-14 00:22:09
MAT-0131,Diverse 6thgeneration parallelism,Raw Material,2388.47,354,35,PLT-HYD,2025-12-15 08:12:00
MAT-0132,Inverse heuristic structure,Raw Material,1655.02,382,33,PLT-HYD,2025-10-21 16:47:42
MAT-0133,Function-based national service-desk,Finished Goods,1008.13,61,61,PLT-PUN,2025-11-12 23:36:56
MAT-0134,Profound mission-critical structure,Chemicals,4064.89,104,22,PLT-PUN,2026-02-23 21:03:21
MAT-0135,Fundamental 5thgeneration moratorium,Spare Parts,3671.72,482,91,PLT-HYD,2026-05-12 00:46:29
MAT-0136,Ameliorated systemic moderator,Finished Goods,2743.84,48,78,PLT-CHE,2025-08-11 21:50:30
MAT-0137,Polarized high-level functionalities,Finished Goods,2064.65,408,43,PLT-PUN,2026-07-31 02:01:21
MAT-0138,Persistent bifurcated Internet solution,Raw Material,848.78,42,65,PLT-COI,2025-09-01 17:20:20
MAT-0139,Robust attitude-oriented utilization,Raw Material,2397.8,469,88,PLT-COI,2026-02-13 01:16:53
MAT-0140,Triple-buffered scalable help-desk,Raw Material,752.19,167,77,PLT-CHE,2025-12-05 02:02:23
MAT-0141,Configurable 4thgeneration forecast,Packaging,1713.75,182,80,PLT-HYD,2025-10-17 11:34:47
MAT-0142,Integrated regional hub,Finished Goods,2500.66,232,81,PLT-COI,2025-10-19 09:24:04
MAT-0143,Seamless logistical circuit,Packaging,1370.61,255,58,PLT-CHE,2025-11-05 17:43:06
MAT-0144,Expanded impactful customer loyalty,Finished Goods,2564.72,366,96,PLT-COI,2026-04-18 02:18:56
MAT-0145,Team-oriented content-based adapter,Finished Goods,2429.96,316,100,PLT-PUN,2026-01-23 10:20:24
MAT-0146,Versatile multi-tasking process improvement,Finished Goods,3617.74,66,64,PLT-HYD,2025-11-14 09:41:19
MAT-0147,Persevering 24hour protocol,Spare Parts,2603.22,52,85,PLT-CHE,2025-11-30 07:55:14
MAT-0148,Team-oriented tertiary extranet,Finished Goods,1534.31,439,55,PLT-CHE,2026-03-26 00:07:49
MAT-0149,Future-proofed maximized application,Chemicals,1474.61,496,87,PLT-PUN,2026-05-11 20:55:33
MAT-0150,Cloned coherent firmware,Packaging,753.27,85,51,PLT-PUN,2026-05-27 19:51:53
MAT-0151,Triple-buffered bandwidth-monitored neural-net,Finished Goods,311.39,445,67,PLT-COI,2025-10-02 00:41:09
MAT-0152,Phased content-based instruction set,Spare Parts,4093.07,84,29,PLT-HYD,2025-10-22 05:33:42
MAT-0153,Optimized systematic hardware,Raw Material,4695.83,33,93,PLT-CHE,2026-01-10 19:23:11
MAT-0154,Robust value-added toolset,Raw Material,4788.13,270,66,PLT-COI,2026-06-29 08:40:19
MAT-0155,Programmable intangible capacity,Finished Goods,2187.43,249,51,PLT-PUN,2025-09-09 13:27:25
MAT-0156,User-friendly empowering artificial intelligence,Spare Parts,4489.24,468,69,PLT-HYD,2026-04-26 05:09:07
MAT-0157,Innovative bifurcated benchmark,Spare Parts,2181.07,251,67,PLT-COI,2025-11-10 17:01:06
MAT-0158,Compatible impactful alliance,Raw Material,2541.27,216,47,PLT-PUN,2026-02-19 20:28:12
MAT-0159,Mandatory didactic hardware,Spare Parts,1515.88,138,64,PLT-CHE,2026-06-21 16:41:30
MAT-0160,Profit-focused actuating ability,Chemicals,1435.96,119,35,PLT-PUN,2026-06-15 01:44:30
MAT-0161,Innovative non-volatile standardization,Spare Parts,4114.03,36,96,PLT-PUN,2026-02-28 18:46:53
MAT-0162,Enhanced dedicated process improvement,Raw Material,3279.62,19,64,PLT-CHE,2026-02-20 06:02:51
MAT-0163,User-centric clear-thinking knowledge user,Chemicals,718.72,126,46,PLT-PUN,2026-06-27 08:45:56
MAT-0164,Proactive multi-state application,Packaging,3973.6,247,22,PLT-COI,2025-11-19 05:59:44
MAT-0165,Optional dynamic Local Area Network,Raw Material,2443.47,52,35,PLT-HYD,2026-04-24 12:01:35
MAT-0166,Cross-group stable application,Spare Parts,3759.3,81,64,PLT-CHE,2026-05-29 21:34:15
MAT-0167,Triple-buffered well-modulated open architecture,Spare Parts,554.78,232,71,PLT-HYD,2026-02-12 23:03:41
MAT-0168,Customizable upward-trending knowledgebase,Spare Parts,4634.16,53,56,PLT-COI,2026-07-19 21:29:09
MAT-0169,Function-based didactic process improvement,Packaging,3332.17,218,78,PLT-PUN,2025-09-24 02:42:28
MAT-0170,Exclusive methodical time-frame,Spare Parts,279.28,266,30,PLT-HYD,2026-04-17 21:47:37
MAT-0171,Face-to-face local matrices,Finished Goods,807.86,486,85,PLT-HYD,2026-06-21 14:03:17
MAT-0172,Pre-emptive 3rdgeneration implementation,Finished Goods,4120.0,32,47,PLT-PUN,2026-02-17 12:17:51
MAT-0173,Upgradable client-server help-desk,Raw Material,884.98,284,86,PLT-COI,2025-10-12 06:49:56
MAT-0174,Integrated non-volatile frame,Chemicals,3964.37,178,88,PLT-PUN,2025-09-14 20:12:21
MAT-0175,Expanded homogeneous support,Packaging,2357.07,454,52,PLT-PUN,2026-02-17 11:08:43
MAT-0176,Programmable heuristic moderator,Spare Parts,3530.28,320,95,PLT-CHE,2026-07-09 14:31:58
MAT-0177,Grass-roots mobile time-frame,Chemicals,4489.83,492,35,PLT-COI,2025-08-30 00:23:16
MAT-0178,Phased leadingedge moratorium,Chemicals,3431.11,465,82,PLT-PUN,2026-07-22 16:43:35
MAT-0179,Profound impactful moratorium,Chemicals,1280.1,300,63,PLT-CHE,2026-03-19 22:39:13
MAT-0180,Object-based 4thgeneration emulation,Raw Material,1968.59,16,27,PLT-HYD,2025-10-10 18:36:23
MAT-0181,Open-source fresh-thinking process improvement,Packaging,2787.14,292,36,PLT-CHE,2026-05-28 23:17:41
MAT-0182,Organized static installation,Finished Goods,4194.22,381,47,PLT-CHE,2026-02-27 05:01:11
MAT-0183,Re-contextualized empowering contingency,Finished Goods,2483.14,476,45,PLT-HYD,2026-02-10 04:18:11
MAT-0184,Triple-buffered reciprocal function,Spare Parts,3490.04,172,49,PLT-COI,2026-02-28 20:33:05
MAT-0185,Reverse-engineered tertiary portal,Spare Parts,331.85,160,97,PLT-COI,2026-02-27 20:50:18
MAT-0186,Self-enabling neutral installation,Spare Parts,2797.2,300,27,PLT-CHE,2026-05-12 23:36:39
MAT-0187,Right-sized heuristic artificial intelligence,Finished Goods,2439.65,465,95,PLT-PUN,2026-03-10 02:59:27
MAT-0188,Advanced didactic groupware,Spare Parts,3449.81,422,26,PLT-CHE,2026-03-20 15:24:15
MAT-0189,Diverse 3rdgeneration customer loyalty,Chemicals,3513.17,483,65,PLT-PUN,2026-05-16 17:17:23
MAT-0190,Self-enabling mission-critical functionalities,Finished Goods,4971.88,440,36,PLT-CHE,2026-07-20 22:07:32
MAT-0191,Stand-alone next generation Internet solution,Chemicals,1618.95,336,70,PLT-CHE,2025-11-06 23:30:34
MAT-0192,Synergized encompassing firmware,Finished Goods,441.36,134,81,PLT-COI,2026-04-19 12:49:10
MAT-0193,User-friendly upward-trending installation,Finished Goods,4250.54,409,65,PLT-COI,2026-02-27 00:15:42
MAT-0194,Digitized bi-directional service-desk,Spare Parts,4798.27,164,94,PLT-PUN,2026-03-07 17:05:25
MAT-0195,Persistent 6thgeneration architecture,Spare Parts,2601.49,250,94,PLT-HYD,2026-08-03 08:18:13
MAT-0196,Grass-roots uniform process improvement,Finished Goods,3828.06,241,95,PLT-COI,2025-09-13 22:00:19
MAT-0197,Customizable client-server budgetary management,Packaging,576.94,390,21,PLT-HYD,2025-11-15 15:56:45
MAT-0198,Switchable reciprocal portal,Raw Material,4598.46,98,39,PLT-CHE,2026-04-04 22:06:27
MAT-0199,Open-source client-driven parallelism,Packaging,613.46,448,39,PLT-HYD,2026-06-22 16:19:00
MAT-0200,Profound well-modulated project,Finished Goods,3108.51,327,94,PLT-CHE,2025-09-09 06:14:57
MAT-0201,Business-focused motivating circuit,Raw Material,2967.63,190,90,PLT-COI,2026-06-03 00:48:26
MAT-0202,Enhanced tertiary contingency,Packaging,3095.27,324,62,PLT-CHE,2026-01-20 11:36:51
MAT-0203,Ameliorated cohesive paradigm,Chemicals,168.51,480,32,PLT-PUN,2026-01-22 05:11:16
MAT-0204,Balanced 5thgeneration secured line,Finished Goods,3200.83,388,68,PLT-CHE,2026-04-16 17:47:55
MAT-0205,Managed 3rdgeneration forecast,Spare Parts,1774.34,112,26,PLT-PUN,2026-08-08 23:13:23
MAT-0206,Expanded content-based ability,Raw Material,4683.97,69,28,PLT-PUN,2025-12-21 14:05:45
MAT-0207,Persistent client-server knowledgebase,Finished Goods,2838.52,477,81,PLT-PUN,2026-06-02 16:43:43
MAT-0208,Profound directional superstructure,Spare Parts,2167.06,285,94,PLT-COI,2025-11-04 14:59:23
MAT-0209,Cross-group multimedia product,Chemicals,2646.76,442,38,PLT-HYD,2025-09-15 20:07:02
MAT-0210,Synergistic 24/7 open architecture,Raw Material,1231.83,231,54,PLT-CHE,2025-10-11 17:58:09
MAT-0211,Decentralized hybrid core,Packaging,4230.65,58,70,PLT-HYD,2026-04-21 10:39:19
MAT-0212,Synergized human-resource product,Chemicals,1990.55,148,95,PLT-HYD,2025-10-31 07:05:02
MAT-0213,Profit-focused zero tolerance structure,Chemicals,3851.35,228,22,PLT-PUN,2025-10-17 07:19:54
MAT-0214,Re-engineered cohesive concept,Packaging,2320.17,275,50,PLT-COI,2026-06-19 19:52:09
MAT-0215,Expanded composite definition,Chemicals,3278.12,83,23,PLT-COI,2025-11-06 06:58:53
MAT-0216,Balanced scalable Graphical User Interface,Raw Material,2379.77,167,70,PLT-COI,2025-12-01 19:35:14
MAT-0217,Cross-platform directional emulation,Finished Goods,848.54,293,55,PLT-COI,2026-04-01 22:33:41
MAT-0218,Streamlined discrete Local Area Network,Finished Goods,4864.01,300,93,PLT-COI,2025-08-11 22:08:27
MAT-0219,Vision-oriented background portal,Chemicals,3883.33,58,72,PLT-CHE,2025-10-18 06:41:11
MAT-0220,Multi-lateral local conglomeration,Packaging,1790.57,81,24,PLT-HYD,2025-10-19 07:03:51
MAT-0221,Adaptive fault-tolerant moderator,Spare Parts,4936.65,235,43,PLT-HYD,2025-08-23 22:23:34
MAT-0222,Intuitive empowering capacity,Chemicals,3821.93,205,29,PLT-HYD,2025-08-20 21:54:10
MAT-0223,Optional actuating customer loyalty,Chemicals,1770.04,434,22,PLT-HYD,2025-08-13 00:27:14
MAT-0224,Assimilated mobile infrastructure,Packaging,2530.82,463,25,PLT-CHE,2025-08-22 09:02:40
MAT-0225,Vision-oriented dynamic moderator,Chemicals,4215.34,139,74,PLT-HYD,2026-04-18 08:36:58
MAT-0226,Multi-lateral methodical monitoring,Raw Material,3902.44,485,52,PLT-PUN,2026-04-04 00:19:35
MAT-0227,Synergistic solution-oriented database,Packaging,3260.02,357,65,PLT-CHE,2026-05-13 14:51:15
MAT-0228,Ergonomic attitude-oriented application,Raw Material,3575.09,484,72,PLT-PUN,2026-01-17 16:37:54
MAT-0229,Distributed interactive benchmark,Packaging,4128.49,421,54,PLT-CHE,2026-02-19 17:14:17
MAT-0230,Compatible 4thgeneration throughput,Finished Goods,1244.49,169,86,PLT-PUN,2026-03-08 20:17:08
MAT-0231,Fully-configurable exuding ability,Packaging,1054.86,372,30,PLT-HYD,2026-04-08 16:20:11
MAT-0232,De-engineered non-volatile neural-net,Raw Material,2009.04,235,29,PLT-COI,2025-11-14 07:01:11
MAT-0233,Balanced tangible standardization,Finished Goods,4848.28,396,89,PLT-COI,2025-09-03 13:48:43
MAT-0234,Profit-focused demand-driven migration,Raw Material,1631.45,319,55,PLT-COI,2025-09-26 17:52:42
MAT-0235,Object-based discrete toolset,Spare Parts,1628.76,294,55,PLT-COI,2026-03-27 12:23:49
MAT-0236,Versatile full-range complexity,Chemicals,1137.71,28,37,PLT-COI,2026-03-08 14:56:00
MAT-0237,Inverse executive utilization,Finished Goods,591.76,78,26,PLT-COI,2025-10-14 20:18:08
MAT-0238,Down-sized 3rdgeneration knowledgebase,Raw Material,3796.97,10,56,PLT-CHE,2025-12-06 06:47:56
MAT-0239,Innovative dynamic knowledge user,Packaging,4129.96,24,94,PLT-PUN,2026-05-31 19:34:15
MAT-0240,Total asymmetric utilization,Raw Material,4535.18,50,35,PLT-COI,2026-07-13 21:40:13
MAT-0241,Reverse-engineered leadingedge Graphical User Interface,Finished Goods,2097.4,277,44,PLT-PUN,2026-05-18 13:19:46
MAT-0242,Stand-alone grid-enabled knowledge user,Finished Goods,935.33,139,89,PLT-COI,2026-04-29 15:17:06
MAT-0243,Multi-lateral bi-directional strategy,Packaging,4108.95,416,34,PLT-COI,2025-11-10 02:26:32
MAT-0244,Up-sized motivating ability,Packaging,537.52,57,22,PLT-CHE,2026-03-24 00:25:00
MAT-0245,Programmable dynamic framework,Finished Goods,2769.09,332,35,PLT-CHE,2025-08-28 22:36:56
MAT-0246,Extended solution-oriented knowledgebase,Spare Parts,268.89,251,61,PLT-COI,2025-09-27 14:31:07
MAT-0247,Self-enabling bottom-line emulation,Finished Goods,1884.04,136,22,PLT-HYD,2025-09-17 04:38:38
MAT-0248,Advanced static instruction set,Raw Material,3084.37,481,52,PLT-PUN,2025-12-04 08:08:24
MAT-0249,Reverse-engineered secondary info-mediaries,Finished Goods,4648.83,104,69,PLT-COI,2026-01-05 09:00:24
MAT-0250,Function-based mission-critical superstructure,Finished Goods,920.93,57,68,PLT-COI,2026-04-23 00:30:51
MAT-0251,Compatible hybrid alliance,Raw Material,2971.96,167,66,PLT-COI,2025-11-14 16:31:31
MAT-0252,Open-architected transitional policy,Spare Parts,2338.26,436,85,PLT-HYD,2026-06-02 04:13:23
MAT-0253,Self-enabling zero administration interface,Finished Goods,1380.07,421,38,PLT-PUN,2026-01-02 00:11:32
MAT-0254,Organized secondary superstructure,Raw Material,1237.54,128,41,PLT-PUN,2025-11-02 21:34:38
MAT-0255,Expanded explicit parallelism,Raw Material,528.83,402,50,PLT-HYD,2026-02-18 05:50:39
MAT-0256,Persistent human-resource budgetary management,Chemicals,801.47,12,99,PLT-PUN,2026-07-07 06:11:15
MAT-0257,De-engineered grid-enabled budgetary management,Raw Material,4838.63,265,91,PLT-COI,2025-11-29 10:29:52
MAT-0258,Cloned non-volatile functionalities,Spare Parts,4077.14,58,76,PLT-PUN,2026-07-21 05:25:44
MAT-0259,Synchronized even-keeled capability,Raw Material,3387.2,34,23,PLT-PUN,2025-10-14 11:45:32
MAT-0260,Synchronized empowering ability,Finished Goods,2357.89,305,57,PLT-CHE,2026-02-05 08:54:57
MAT-0261,Assimilated user-facing capacity,Chemicals,3132.89,369,23,PLT-COI,2026-05-16 06:17:18
MAT-0262,Programmable interactive capacity,Chemicals,4934.21,259,75,PLT-COI,2026-08-09 17:28:20
MAT-0263,Universal non-volatile complexity,Raw Material,185.72,340,88,PLT-PUN,2026-02-11 09:53:01
MAT-0264,Intuitive zero-defect conglomeration,Chemicals,2836.99,164,88,PLT-COI,2026-06-25 18:47:55
MAT-0265,Operative directional concept,Raw Material,3609.15,148,51,PLT-PUN,2025-09-11 21:04:52
MAT-0266,Profit-focused stable benchmark,Chemicals,2668.37,437,20,PLT-PUN,2026-03-30 20:44:35
MAT-0267,Centralized holistic info-mediaries,Raw Material,2830.2,307,28,PLT-COI,2026-07-13 14:13:48
MAT-0268,Open-source neutral knowledge user,Spare Parts,3921.97,237,60,PLT-PUN,2025-10-18 18:47:27
MAT-0269,Business-focused even-keeled project,Raw Material,4649.04,84,83,PLT-HYD,2025-11-05 10:56:05
MAT-0270,Open-source exuding benchmark,Chemicals,2760.5,326,48,PLT-PUN,2026-02-07 14:44:47
MAT-0271,Programmable mission-critical access,Chemicals,447.39,252,69,PLT-COI,2026-01-19 20:13:45
MAT-0272,Networked demand-driven infrastructure,Finished Goods,2821.99,425,57,PLT-PUN,2026-02-27 21:45:03
MAT-0273,Universal neutral challenge,Spare Parts,3811.59,46,68,PLT-CHE,2026-05-30 23:45:53
MAT-0274,Reactive methodical architecture,Chemicals,3877.4,497,25,PLT-CHE,2026-01-01 06:29:11
MAT-0275,Secured bandwidth-monitored paradigm,Finished Goods,1977.28,115,96,PLT-COI,2026-03-24 11:32:52
MAT-0276,Reverse-engineered contextually-based toolset,Finished Goods,1825.85,388,78,PLT-HYD,2025-09-02 22:36:55
MAT-0277,Triple-buffered interactive portal,Spare Parts,3789.91,415,82,PLT-COI,2025-11-06 11:57:49
MAT-0278,Monitored stable product,Raw Material,4783.88,101,51,PLT-HYD,2026-06-06 12:37:51
MAT-0279,Sharable radical orchestration,Finished Goods,2755.8,390,91,PLT-CHE,2026-02-13 14:44:49
MAT-0280,Organized 3rdgeneration website,Finished Goods,688.29,25,25,PLT-COI,2026-06-23 23:32:51
MAT-0281,Focused transitional circuit,Chemicals,3516.47,240,86,PLT-PUN,2026-06-30 17:42:29
MAT-0282,Down-sized 4thgeneration paradigm,Spare Parts,2441.12,486,76,PLT-PUN,2025-12-19 17:00:44
MAT-0283,Cross-platform fault-tolerant help-desk,Spare Parts,2309.48,401,82,PLT-PUN,2025-12-09 10:09:45
MAT-0284,Adaptive value-added methodology,Chemicals,4825.78,44,86,PLT-HYD,2026-07-20 06:28:37
MAT-0285,User-centric intangible instruction set,Finished Goods,1422.14,385,23,PLT-PUN,2025-12-18 06:21:11
MAT-0286,Self-enabling mobile installation,Finished Goods,570.58,465,78,PLT-PUN,2025-11-20 16:06:00
MAT-0287,Intuitive asymmetric benchmark,Raw Material,2491.0,477,95,PLT-HYD,2026-04-14 05:21:40
MAT-0288,Multi-lateral zero tolerance process improvement,Chemicals,4880.2,229,64,PLT-PUN,2025-09-04 21:52:49
MAT-0289,Optimized zero administration application,Raw Material,3635.36,374,94,PLT-COI,2026-02-11 01:42:49
MAT-0290,Grass-roots homogeneous standardization,Spare Parts,1130.42,91,91,PLT-HYD,2026-07-19 13:47:19
MAT-0291,Persistent zero tolerance project,Chemicals,3015.04,289,71,PLT-COI,2026-07-31 07:46:28
MAT-0292,Inverse multimedia implementation,Spare Parts,4376.31,119,47,PLT-CHE,2025-12-02 22:08:58
MAT-0293,Devolved user-facing secured line,Packaging,2288.93,326,95,PLT-CHE,2026-07-26 02:14:53
MAT-0294,Pre-emptive stable complexity,Spare Parts,3392.02,131,20,PLT-CHE,2026-07-01 13:30:37
MAT-0295,Universal incremental monitoring,Packaging,3784.65,95,76,PLT-CHE,2026-02-02 14:36:03
MAT-0296,Multi-lateral discrete superstructure,Raw Material,2595.12,213,93,PLT-PUN,2025-11-25 18:04:10
MAT-0297,Polarized foreground customer loyalty,Finished Goods,1515.0,408,89,PLT-PUN,2026-07-22 12:29:40
MAT-0298,Persevering solution-oriented artificial intelligence,Spare Parts,4717.3,216,31,PLT-PUN,2026-02-02 00:13:25
MAT-0299,Visionary incremental conglomeration,Spare Parts,4469.99,382,98,PLT-HYD,2026-03-10 19:52:05
MAT-0300,User-friendly exuding policy,Chemicals,3808.87,336,42,PLT-COI,2026-06-06 23:23:46
MAT-0301,Compatible tertiary help-desk,Finished Goods,1204.58,451,76,PLT-COI,2026-02-18 03:03:15
MAT-0302,Advanced object-oriented archive,Chemicals,277.62,82,21,PLT-CHE,2026-07-05 09:35:19
MAT-0303,Optimized bottom-line portal,Spare Parts,695.54,98,24,PLT-HYD,2026-08-01 22:19:54
MAT-0304,Devolved incremental website,Chemicals,2452.18,475,78,PLT-COI,2025-11-14 12:19:56
MAT-0305,Polarized global hub,Spare Parts,2554.08,189,38,PLT-CHE,2025-11-09 03:24:05
MAT-0306,Advanced explicit moderator,Packaging,4038.47,207,58,PLT-CHE,2026-05-08 18:55:22
MAT-0307,Cross-platform exuding conglomeration,Raw Material,3903.2,224,76,PLT-CHE,2025-10-12 16:39:50
MAT-0308,Enhanced background policy,Chemicals,4701.61,372,21,PLT-PUN,2025-10-22 05:27:52
MAT-0309,Sharable composite service-desk,Chemicals,1968.46,170,65,PLT-COI,2025-10-01 20:34:45
MAT-0310,Cloned methodical workforce,Raw Material,2152.89,300,68,PLT-COI,2026-07-24 17:46:01
MAT-0311,Multi-layered zero administration leverage,Chemicals,595.43,329,50,PLT-COI,2026-07-08 11:11:19
MAT-0312,Synergized 24hour service-desk,Raw Material,4053.9,255,37,PLT-CHE,2026-05-07 13:58:09
MAT-0313,Robust client-driven analyzer,Raw Material,2931.42,339,40,PLT-COI,2026-02-24 23:54:11
MAT-0314,Reduced secondary encryption,Packaging,553.67,355,93,PLT-CHE,2025-09-17 07:38:38
MAT-0315,Enterprise-wide real-time hardware,Finished Goods,821.09,258,27,PLT-HYD,2026-04-23 12:18:40
MAT-0316,Multi-channeled motivating implementation,Raw Material,2496.11,384,70,PLT-COI,2025-12-14 07:05:56
MAT-0317,Multi-layered user-facing application,Raw Material,3212.12,16,87,PLT-COI,2026-01-04 09:09:13
MAT-0318,Innovative radical functionalities,Raw Material,1506.75,153,92,PLT-COI,2025-12-27 13:52:12
MAT-0319,Streamlined web-enabled moratorium,Spare Parts,1346.17,420,80,PLT-COI,2025-09-12 12:05:43
MAT-0320,Enterprise-wide leadingedge encoding,Finished Goods,2382.57,173,70,PLT-PUN,2025-09-18 14:37:53
MAT-0321,Progressive reciprocal info-mediaries,Packaging,2961.71,478,78,PLT-COI,2026-07-17 23:49:38
MAT-0322,Synergistic reciprocal website,Raw Material,3515.8,289,32,PLT-PUN,2025-12-29 12:34:48
MAT-0323,Horizontal zero-defect success,Packaging,4978.72,328,48,PLT-CHE,2025-12-23 02:05:32
MAT-0324,Mandatory bottom-line orchestration,Finished Goods,1505.71,276,100,PLT-COI,2026-05-24 17:32:36
MAT-0325,Decentralized dynamic methodology,Spare Parts,1014.65,188,75,PLT-HYD,2025-11-05 22:43:02
MAT-0326,Stand-alone explicit encoding,Finished Goods,4299.01,31,53,PLT-CHE,2026-04-08 00:45:42
MAT-0327,Devolved human-resource protocol,Packaging,419.69,405,99,PLT-PUN,2026-08-10 17:00:03
MAT-0328,Mandatory systematic emulation,Finished Goods,2102.6,212,78,PLT-PUN,2026-03-30 05:28:54
MAT-0329,Secured scalable encryption,Packaging,4077.41,413,40,PLT-COI,2026-07-22 20:53:44
MAT-0330,Public-key 6thgeneration pricing structure,Packaging,1181.04,252,71,PLT-HYD,2025-11-06 02:11:02
MAT-0331,Diverse grid-enabled website,Spare Parts,2301.63,35,66,PLT-CHE,2025-08-13 05:15:59
MAT-0332,Profit-focused local concept,Finished Goods,617.47,353,63,PLT-PUN,2026-01-04 21:17:56
MAT-0333,Persevering local Graphical User Interface,Raw Material,2068.14,266,64,PLT-HYD,2026-01-30 06:33:26
MAT-0334,Proactive tertiary customer loyalty,Finished Goods,3798.4,114,88,PLT-PUN,2026-04-20 20:11:07
MAT-0335,Ergonomic exuding hierarchy,Spare Parts,3019.9,199,59,PLT-COI,2025-09-19 17:36:21
MAT-0336,Synchronized asymmetric alliance,Finished Goods,2645.08,404,30,PLT-PUN,2025-09-09 01:00:06
MAT-0337,Upgradable mission-critical contingency,Finished Goods,4222.37,359,99,PLT-HYD,2025-10-07 20:28:29
MAT-0338,Intuitive systemic matrix,Spare Parts,4286.12,279,94,PLT-HYD,2025-12-18 00:06:06
MAT-0339,Re-contextualized next generation forecast,Spare Parts,2202.04,149,66,PLT-CHE,2026-03-21 00:25:46
MAT-0340,Adaptive encompassing workforce,Finished Goods,2690.11,121,22,PLT-PUN,2026-08-06 23:36:04
MAT-0341,Programmable disintermediate Graphical User Interface,Packaging,778.04,200,77,PLT-COI,2026-06-10 22:06:04
MAT-0342,Function-based multimedia forecast,Packaging,3268.44,215,74,PLT-CHE,2026-04-08 20:23:32
MAT-0343,Seamless intermediate policy,Chemicals,955.04,226,58,PLT-PUN,2026-01-21 22:14:06
MAT-0344,Ameliorated systematic installation,Raw Material,897.26,95,65,PLT-COI,2026-02-22 11:33:38
MAT-0345,Universal human-resource installation,Raw Material,2787.41,77,56,PLT-HYD,2025-09-23 10:20:45
MAT-0346,Ergonomic multi-state customer loyalty,Spare Parts,3971.43,275,55,PLT-COI,2026-03-19 07:52:33
MAT-0347,Ergonomic systematic interface,Packaging,2586.68,224,97,PLT-PUN,2026-02-07 16:56:57
MAT-0348,Sharable fault-tolerant customer loyalty,Packaging,1580.77,191,28,PLT-PUN,2026-02-20 17:27:51
MAT-0349,Proactive grid-enabled structure,Raw Material,2976.31,35,41,PLT-HYD,2025-09-23 09:48:06
MAT-0350,Pre-emptive heuristic moderator,Finished Goods,3300.34,479,28,PLT-COI,2025-10-18 23:34:15
MAT-0351,Assimilated composite protocol,Packaging,4409.27,242,69,PLT-PUN,2025-09-23 15:26:42
MAT-0352,Down-sized demand-driven architecture,Chemicals,4295.39,135,79,PLT-COI,2025-10-03 04:29:20
MAT-0353,Team-oriented maximized moratorium,Spare Parts,4173.45,349,76,PLT-PUN,2025-11-24 16:15:57
MAT-0354,Fully-configurable explicit ability,Chemicals,4912.47,181,33,PLT-CHE,2025-09-30 18:44:55
MAT-0355,Ameliorated executive website,Packaging,1252.83,33,22,PLT-CHE,2025-11-25 07:36:16
MAT-0356,Universal 24/7 artificial intelligence,Chemicals,3403.77,16,82,PLT-COI,2025-11-07 19:53:38
MAT-0357,Universal value-added open architecture,Finished Goods,2290.59,333,21,PLT-HYD,2026-04-11 10:07:13
MAT-0358,Focused asymmetric database,Packaging,4510.35,493,74,PLT-PUN,2026-04-28 04:20:12
MAT-0359,Phased empowering firmware,Packaging,3375.16,429,42,PLT-COI,2026-04-25 17:24:30
MAT-0360,Down-sized homogeneous project,Finished Goods,1754.65,206,41,PLT-PUN,2026-03-13 10:34:01
MAT-0361,Persistent transitional application,Raw Material,3989.47,468,99,PLT-PUN,2026-03-29 13:49:16
MAT-0362,Customer-focused empowering project,Spare Parts,503.52,403,33,PLT-CHE,2026-04-16 21:35:42
MAT-0363,Team-oriented needs-based functionalities,Chemicals,2084.71,174,62,PLT-CHE,2026-06-22 11:44:06
MAT-0364,Cross-group bifurcated ability,Spare Parts,1380.41,313,98,PLT-PUN,2026-08-06 10:36:19
MAT-0365,Fully-configurable next generation methodology,Raw Material,2226.69,467,85,PLT-PUN,2025-11-30 13:00:25
MAT-0366,Synchronized needs-based product,Chemicals,2568.99,394,82,PLT-COI,2026-04-06 11:18:20
MAT-0367,Organic secondary moderator,Raw Material,1940.18,44,20,PLT-HYD,2025-08-21 00:56:37
MAT-0368,Organized coherent database,Packaging,885.62,164,87,PLT-PUN,2025-09-14 22:24:45
MAT-0369,Vision-oriented content-based intranet,Finished Goods,610.92,167,41,PLT-PUN,2025-10-22 04:56:42
MAT-0370,Triple-buffered neutral migration,Raw Material,4155.04,123,92,PLT-COI,2026-07-27 10:32:33
MAT-0371,Intuitive multi-tasking utilization,Raw Material,305.99,136,20,PLT-PUN,2025-12-05 11:35:08
MAT-0372,Networked mission-critical customer loyalty,Chemicals,415.98,254,35,PLT-CHE,2026-06-21 17:39:19
MAT-0373,Team-oriented exuding focus group,Packaging,710.07,352,92,PLT-HYD,2025-11-24 04:21:47
MAT-0374,Quality-focused mobile workforce,Chemicals,4386.37,363,92,PLT-COI,2025-09-05 13:45:14
MAT-0375,Function-based intangible archive,Finished Goods,2966.74,475,55,PLT-PUN,2026-05-04 01:43:46
MAT-0376,Streamlined discrete core,Spare Parts,1749.23,119,94,PLT-HYD,2026-03-22 14:32:56
MAT-0377,Extended 24hour knowledge user,Finished Goods,864.93,464,68,PLT-PUN,2025-12-12 18:13:17
MAT-0378,Reactive transitional adapter,Finished Goods,800.16,439,38,PLT-COI,2025-12-25 08:28:26
MAT-0379,Seamless 5thgeneration protocol,Finished Goods,3771.61,63,94,PLT-HYD,2026-06-09 15:44:18
MAT-0380,Business-focused directional secured line,Chemicals,1511.44,276,28,PLT-COI,2026-08-05 03:01:13
MAT-0381,Managed bandwidth-monitored firmware,Raw Material,2359.75,85,90,PLT-HYD,2026-06-25 11:31:50
MAT-0382,User-friendly local utilization,Chemicals,479.86,58,82,PLT-HYD,2025-09-26 09:24:30
MAT-0383,Automated object-oriented model,Packaging,4333.63,24,32,PLT-PUN,2025-11-12 13:35:34
MAT-0384,Switchable motivating pricing structure,Packaging,3683.89,66,68,PLT-HYD,2026-04-28 01:14:10
MAT-0385,Multi-tiered bi-directional array,Chemicals,2810.34,196,86,PLT-HYD,2026-05-10 13:28:14
MAT-0386,Assimilated modular time-frame,Spare Parts,2250.29,37,33,PLT-CHE,2026-03-26 23:05:25
MAT-0387,Reactive non-volatile emulation,Spare Parts,4199.54,180,90,PLT-COI,2025-11-22 19:13:50
MAT-0388,Switchable grid-enabled core,Spare Parts,2124.24,186,96,PLT-CHE,2026-07-21 04:21:56
MAT-0389,Implemented systemic ability,Spare Parts,722.03,137,27,PLT-COI,2025-12-14 04:55:05
MAT-0390,Configurable optimal workforce,Finished Goods,971.43,351,96,PLT-CHE,2026-02-23 17:36:19
MAT-0391,Digitized local process improvement,Raw Material,2889.39,151,56,PLT-PUN,2025-09-01 15:17:44
MAT-0392,Open-architected even-keeled portal,Finished Goods,1361.51,46,25,PLT-PUN,2025-11-27 23:29:55
MAT-0393,Right-sized scalable open architecture,Raw Material,1413.81,493,58,PLT-COI,2026-01-05 03:52:06
MAT-0394,Face-to-face 3rdgeneration concept,Packaging,3304.03,35,77,PLT-COI,2026-04-30 22:15:58
MAT-0395,Managed attitude-oriented functionalities,Spare Parts,1034.2,384,59,PLT-COI,2025-11-07 15:23:22
MAT-0396,Focused context-sensitive system engine,Spare Parts,4187.23,460,41,PLT-HYD,2026-01-18 20:42:08
MAT-0397,Polarized coherent groupware,Chemicals,400.0,404,62,PLT-COI,2026-06-23 14:22:30
MAT-0398,Cross-group fresh-thinking methodology,Raw Material,1521.26,109,38,PLT-HYD,2025-09-30 06:29:23
MAT-0399,Customizable regional circuit,Spare Parts,2812.42,197,21,PLT-COI,2025-10-02 12:41:29
MAT-0400,Implemented dedicated solution,Spare Parts,1065.49,207,98,PLT-PUN,2026-06-14 08:54:47
MAT-0401,Integrated systemic ability,Finished Goods,4301.25,49,23,PLT-PUN,2026-07-21 19:02:37
MAT-0402,Persistent actuating structure,Chemicals,2634.96,177,54,PLT-PUN,2026-06-04 18:40:06
MAT-0403,Seamless client-driven standardization,Chemicals,2595.6,192,55,PLT-PUN,2026-02-25 15:24:20
MAT-0404,Proactive hybrid application,Packaging,2033.53,485,23,PLT-CHE,2025-09-19 13:41:51
MAT-0405,Universal demand-driven monitoring,Chemicals,2134.78,41,75,PLT-HYD,2026-02-25 03:09:13
MAT-0406,Devolved heuristic encoding,Raw Material,4618.81,261,92,PLT-PUN,2025-09-14 17:16:57
MAT-0407,Balanced responsive application,Chemicals,1970.34,396,48,PLT-COI,2025-10-02 05:00:28
MAT-0408,Secured transitional Graphical User Interface,Packaging,4923.13,17,96,PLT-COI,2026-01-18 15:34:32
MAT-0409,Enterprise-wide non-volatile Graphic Interface,Raw Material,107.28,37,22,PLT-CHE,2025-10-10 17:24:23
MAT-0410,Adaptive methodical architecture,Packaging,3240.98,339,80,PLT-HYD,2025-09-27 08:11:14
MAT-0411,Cloned leadingedge approach,Raw Material,2933.94,296,77,PLT-HYD,2026-07-28 00:24:14
MAT-0412,Business-focused fresh-thinking challenge,Spare Parts,4137.02,171,29,PLT-PUN,2026-07-16 00:48:08
MAT-0413,Assimilated high-level projection,Packaging,2144.0,351,91,PLT-COI,2026-03-23 06:02:50
MAT-0414,Future-proofed interactive attitude,Raw Material,3191.05,53,92,PLT-COI,2026-06-18 15:23:34
MAT-0415,Multi-channeled fresh-thinking function,Packaging,3439.58,140,21,PLT-CHE,2026-03-10 06:13:26
MAT-0416,Proactive optimizing emulation,Spare Parts,3112.54,196,59,PLT-CHE,2025-08-26 15:15:58
MAT-0417,Synchronized asynchronous knowledgebase,Raw Material,1820.05,443,62,PLT-CHE,2025-09-06 07:47:27
MAT-0418,Inverse value-added pricing structure,Spare Parts,1282.12,241,85,PLT-HYD,2026-01-18 18:01:42
MAT-0419,Cross-group impactful open architecture,Chemicals,2340.72,11,39,PLT-CHE,2026-03-24 07:43:48
MAT-0420,Integrated hybrid hierarchy,Raw Material,172.13,397,26,PLT-PUN,2026-01-15 06:33:54
MAT-0421,Devolved tertiary attitude,Finished Goods,4385.74,410,64,PLT-PUN,2026-05-18 15:13:05
MAT-0422,De-engineered well-modulated collaboration,Packaging,1060.77,356,45,PLT-PUN,2026-01-19 17:40:34
MAT-0423,Pre-emptive eco-centric support,Raw Material,4712.02,318,46,PLT-PUN,2026-04-11 23:45:20
MAT-0424,Quality-focused needs-based analyzer,Packaging,508.91,91,25,PLT-PUN,2025-12-24 08:32:59
MAT-0425,Streamlined coherent definition,Spare Parts,348.56,199,56,PLT-PUN,2025-10-18 19:11:27
MAT-0426,Fully-configurable static complexity,Chemicals,3736.51,399,95,PLT-HYD,2026-03-09 17:34:56
MAT-0427,Open-source full-range service-desk,Chemicals,4139.11,151,39,PLT-HYD,2025-11-07 18:50:44
MAT-0428,Grass-roots multi-tasking knowledge user,Packaging,3934.91,57,66,PLT-COI,2025-12-02 01:41:09
MAT-0429,Compatible reciprocal product,Packaging,476.5,342,36,PLT-CHE,2025-11-10 17:22:48
MAT-0430,Persevering user-facing system engine,Packaging,4435.91,261,33,PLT-COI,2025-09-21 07:26:37
MAT-0431,Multi-layered eco-centric intranet,Finished Goods,4762.55,473,97,PLT-COI,2026-03-12 09:15:11
MAT-0432,Synchronized analyzing moratorium,Packaging,4151.01,94,81,PLT-COI,2025-09-30 00:02:31
MAT-0433,Pre-emptive needs-based support,Packaging,276.05,204,47,PLT-HYD,2025-12-06 22:52:30
MAT-0434,Vision-oriented real-time protocol,Spare Parts,424.58,211,75,PLT-CHE,2025-11-23 10:00:25
MAT-0435,Vision-oriented zero tolerance open system,Finished Goods,4403.73,492,65,PLT-PUN,2026-01-23 08:53:46
MAT-0436,Grass-roots 4thgeneration software,Finished Goods,1305.05,354,49,PLT-HYD,2025-10-31 21:43:04
MAT-0437,Reduced even-keeled task-force,Spare Parts,3745.54,62,83,PLT-PUN,2026-02-02 12:57:15
MAT-0438,Fundamental regional adapter,Spare Parts,2741.87,224,21,PLT-PUN,2025-10-20 08:23:48
MAT-0439,Upgradable next generation secured line,Chemicals,4388.31,108,60,PLT-COI,2026-06-06 22:08:01
MAT-0440,Focused multi-state architecture,Spare Parts,1684.96,76,93,PLT-COI,2026-07-27 23:17:07
MAT-0441,Automated grid-enabled data-warehouse,Packaging,2980.09,400,73,PLT-COI,2026-05-07 16:26:54
MAT-0442,Profound impactful access,Spare Parts,3136.07,391,88,PLT-COI,2026-04-23 12:21:41
MAT-0443,Synergistic eco-centric product,Raw Material,1116.71,444,42,PLT-HYD,2025-11-07 06:13:01
MAT-0444,Progressive full-range info-mediaries,Chemicals,140.99,288,70,PLT-CHE,2025-11-27 19:00:28
MAT-0445,Mandatory contextually-based matrices,Packaging,803.18,210,70,PLT-HYD,2026-02-14 13:01:08
MAT-0446,Self-enabling fresh-thinking forecast,Packaging,2772.35,350,71,PLT-PUN,2026-04-01 10:49:20
MAT-0447,Face-to-face bottom-line monitoring,Chemicals,1867.6,384,60,PLT-CHE,2025-09-18 13:19:13
MAT-0448,Fully-configurable context-sensitive database,Packaging,4912.83,252,62,PLT-PUN,2025-10-21 13:21:52
MAT-0449,Vision-oriented exuding database,Chemicals,325.04,495,73,PLT-HYD,2025-11-22 11:55:39
MAT-0450,Multi-lateral mission-critical framework,Finished Goods,3185.65,269,96,PLT-HYD,2025-10-03 02:36:00
MAT-0451,Reverse-engineered 3rdgeneration benchmark,Finished Goods,2120.93,370,61,PLT-HYD,2026-02-16 23:55:48
MAT-0452,Focused contextually-based middleware,Finished Goods,2368.08,200,69,PLT-HYD,2026-08-04 04:56:10
MAT-0453,Integrated interactive software,Spare Parts,1893.91,42,24,PLT-CHE,2026-06-02 21:58:43
MAT-0454,Quality-focused object-oriented methodology,Raw Material,3387.63,441,94,PLT-CHE,2025-11-20 09:14:45
MAT-0455,Visionary client-driven time-frame,Chemicals,3867.35,16,43,PLT-COI,2025-11-03 07:07:36
MAT-0456,Virtual local service-desk,Chemicals,2909.99,428,27,PLT-PUN,2026-01-21 12:01:11
MAT-0457,Profound zero tolerance Internet solution,Packaging,3999.88,420,71,PLT-PUN,2025-08-27 09:40:02
MAT-0458,Vision-oriented heuristic system engine,Chemicals,3563.46,24,29,PLT-PUN,2025-08-30 06:17:54
MAT-0459,Expanded incremental ability,Chemicals,3972.11,145,21,PLT-COI,2025-11-03 11:00:49
MAT-0460,Cross-group user-facing flexibility,Chemicals,2151.29,18,42,PLT-PUN,2026-08-05 22:33:30
MAT-0461,Fundamental coherent matrices,Finished Goods,2737.01,275,79,PLT-HYD,2026-04-09 13:39:19
MAT-0462,Polarized non-volatile time-frame,Chemicals,4180.48,295,44,PLT-PUN,2026-03-11 19:27:08
MAT-0463,Expanded asymmetric frame,Packaging,2769.54,422,93,PLT-PUN,2025-09-25 13:45:21
MAT-0464,Programmable bifurcated paradigm,Chemicals,4134.38,470,79,PLT-CHE,2025-11-26 04:03:07
MAT-0465,Assimilated encompassing orchestration,Packaging,1157.07,69,77,PLT-HYD,2025-12-26 08:50:53
MAT-0466,Self-enabling full-range firmware,Finished Goods,1471.42,458,42,PLT-HYD,2026-03-10 09:38:03
MAT-0467,Intuitive 4thgeneration support,Spare Parts,821.2,149,80,PLT-CHE,2026-06-26 11:55:45
MAT-0468,Enterprise-wide needs-based moratorium,Raw Material,1021.09,19,88,PLT-PUN,2025-12-17 22:12:48
MAT-0469,Multi-channeled fault-tolerant benchmark,Finished Goods,2347.7,28,34,PLT-CHE,2026-08-07 02:41:43
MAT-0470,Multi-layered responsive projection,Spare Parts,4358.27,261,22,PLT-COI,2026-07-11 07:55:26
MAT-0471,Diverse homogeneous neural-net,Chemicals,315.82,115,46,PLT-HYD,2026-08-05 17:25:39
MAT-0472,Upgradable directional infrastructure,Spare Parts,678.3,143,83,PLT-PUN,2026-05-26 07:53:36
MAT-0473,Horizontal attitude-oriented synergy,Chemicals,3948.85,131,86,PLT-CHE,2026-04-30 15:11:00
MAT-0474,Phased methodical hub,Raw Material,2045.77,87,54,PLT-COI,2025-11-10 09:30:39
MAT-0475,Polarized national protocol,Raw Material,1688.12,242,46,PLT-COI,2026-06-02 04:08:37
MAT-0476,Secured user-facing archive,Packaging,1570.05,40,36,PLT-CHE,2026-03-04 21:34:41
MAT-0477,Exclusive coherent task-force,Raw Material,1223.21,50,41,PLT-COI,2026-06-08 09:17:48
MAT-0478,Streamlined background analyzer,Chemicals,2448.35,142,76,PLT-HYD,2026-05-31 08:37:56
MAT-0479,Ergonomic content-based portal,Chemicals,4766.48,70,45,PLT-COI,2026-08-10 11:17:25
MAT-0480,Horizontal radical focus group,Packaging,3353.84,403,59,PLT-HYD,2025-11-11 07:42:49
MAT-0481,Synergized solution-oriented approach,Raw Material,1360.15,326,50,PLT-COI,2026-02-23 07:09:45
MAT-0482,Compatible non-volatile definition,Chemicals,2644.91,483,97,PLT-CHE,2026-02-22 07:36:44
MAT-0483,Inverse dedicated orchestration,Spare Parts,4389.35,80,30,PLT-PUN,2026-02-13 01:19:34
MAT-0484,Cross-group client-driven data-warehouse,Chemicals,2408.67,496,75,PLT-CHE,2025-10-11 22:36:47
MAT-0485,Face-to-face bi-directional synergy,Raw Material,1315.14,51,92,PLT-CHE,2026-06-13 20:24:33
MAT-0486,Centralized content-based toolset,Finished Goods,710.63,47,22,PLT-COI,2025-10-25 19:01:45
MAT-0487,Grass-roots interactive hub,Finished Goods,555.24,10,50,PLT-PUN,2026-08-01 13:09:27
MAT-0488,Stand-alone composite Local Area Network,Spare Parts,1482.63,238,60,PLT-HYD,2026-08-03 06:34:13
MAT-0489,Business-focused local encryption,Chemicals,633.27,155,100,PLT-CHE,2026-04-12 19:02:46
MAT-0490,Devolved global website,Packaging,618.96,186,23,PLT-CHE,2026-04-11 15:28:25
MAT-0491,Expanded real-time middleware,Packaging,362.05,45,34,PLT-HYD,2026-04-02 06:02:14
MAT-0492,Reactive clear-thinking frame,Spare Parts,3890.05,457,94,PLT-PUN,2026-04-25 04:52:22
MAT-0493,Ameliorated scalable architecture,Packaging,2958.8,481,88,PLT-CHE,2026-05-29 15:52:48
MAT-0494,Operative explicit archive,Finished Goods,1153.79,235,56,PLT-COI,2025-08-22 11:24:01
MAT-0495,Versatile real-time collaboration,Spare Parts,2589.76,419,40,PLT-COI,2025-12-10 13:24:08
MAT-0496,Focused composite challenge,Packaging,2933.03,97,91,PLT-CHE,2025-11-09 00:03:18
MAT-0497,Customer-focused fresh-thinking software,Spare Parts,1356.34,19,56,PLT-CHE,2026-07-23 20:54:53
MAT-0498,Ameliorated responsive website,Packaging,3687.51,23,82,PLT-CHE,2026-05-12 00:13:13
MAT-0499,Realigned multimedia framework,Chemicals,2558.46,124,23,PLT-HYD,2026-03-18 00:55:39
MAT-0500,Adaptive executive benchmark,Chemicals,4005.76,323,39,PLT-HYD,2025-12-15 21:28:13
